,filepath,label
0,./face_cropped/0000/00000001.jpg,1
1,./face_cropped/0000/00000002.jpg,1
2,./face_cropped/0000/00000003.jpg,1
3,./face_cropped/0000/00000004.jpg,0
4,./face_cropped/0000/00000005.jpg,0
5,./face_cropped/0000/00000006.jpg,0
6,./face_cropped/0000/00000007.jpg,0
7,./face_cropped/0000/00000008.jpg,1
8,./face_cropped/0000/00000009.jpg,0
9,./face_cropped/0000/00000010.jpg,0
10,./face_cropped/0000/00000011.jpg,1
11,./face_cropped/0000/00000012.jpg,0
12,./face_cropped/0000/00000013.jpg,1
13,./face_cropped/0001/00010004.jpg,0
14,./face_cropped/0001/00010005.jpg,0
15,./face_cropped/0001/00010009.jpg,0
16,./face_cropped/0001/00010010.jpg,0
17,./face_cropped/0001/00010011.jpg,0
18,./face_cropped/0001/00010012.jpg,0
19,./face_cropped/0001/00010015.jpg,0
20,./face_cropped/0001/00010016.jpg,0
21,./face_cropped/0001/00010017.jpg,0
22,./face_cropped/0001/00010018.jpg,0
23,./face_cropped/0001/00010019.jpg,0
24,./face_cropped/0001/00010020.jpg,0
25,./face_cropped/0001/00010021.jpg,0
26,./face_cropped/0001/00010022.jpg,0
27,./face_cropped/0002/00020002.jpg,0
28,./face_cropped/0002/00020006.jpg,0
29,./face_cropped/0002/00020007.jpg,0
30,./face_cropped/0002/00020011.jpg,0
31,./face_cropped/0002/00020013.jpg,0
32,./face_cropped/0002/00020015.jpg,0
33,./face_cropped/0002/00020016.jpg,0
34,./face_cropped/0002/00020017.jpg,0
35,./face_cropped/0002/00020018.jpg,0
36,./face_cropped/0002/00020019.jpg,0
37,./face_cropped/0002/00020020.jpg,0
38,./face_cropped/0002/00020021.jpg,0
39,./face_cropped/0002/00020022.jpg,0
40,./face_cropped/0003/00030001.jpg,0
41,./face_cropped/0003/00030002.jpg,1
42,./face_cropped/0003/00030003.jpg,0
43,./face_cropped/0003/00030004.jpg,0
44,./face_cropped/0003/00030005.jpg,0
45,./face_cropped/0003/00030006.jpg,1
46,./face_cropped/0003/00030007.jpg,1
47,./face_cropped/0003/00030008.jpg,1
48,./face_cropped/0003/00030009.jpg,1
49,./face_cropped/0003/00030010.jpg,0
50,./face_cropped/0003/00030011.jpg,1
51,./face_cropped/0003/00030012.jpg,0
52,./face_cropped/0004/00040001.jpg,1
53,./face_cropped/0004/00040002.jpg,1
54,./face_cropped/0004/00040003.jpg,1
55,./face_cropped/0004/00040004.jpg,1
56,./face_cropped/0004/00040005.jpg,1
57,./face_cropped/0004/00040006.jpg,1
58,./face_cropped/0004/00040007.jpg,1
59,./face_cropped/0004/00040008.jpg,1
60,./face_cropped/0004/00040009.jpg,1
61,./face_cropped/0004/00040010.jpg,1
62,./face_cropped/0004/00040011.jpg,1
63,./face_cropped/0004/00040012.jpg,1
64,./face_cropped/0004/00040013.jpg,1
65,./face_cropped/0004/00040014.jpg,1
66,./face_cropped/0005/00050007.jpg,1
67,./face_cropped/0005/00050008.jpg,0
68,./face_cropped/0005/00050016.jpg,0
69,./face_cropped/0005/00050017.jpg,1
70,./face_cropped/0005/00050019.jpg,0
71,./face_cropped/0005/00050022.jpg,1
72,./face_cropped/0005/00050023.jpg,0
73,./face_cropped/0005/00050024.jpg,0
74,./face_cropped/0005/00050025.jpg,0
75,./face_cropped/0005/00050026.jpg,0
76,./face_cropped/0005/00050028.jpg,1
77,./face_cropped/0005/00050029.jpg,1
78,./face_cropped/0005/00050030.jpg,0
79,./face_cropped/0005/00050031.jpg,1
80,./face_cropped/0006/00060005.jpg,1
81,./face_cropped/0006/00060008.jpg,1
82,./face_cropped/0006/00060009.jpg,1
83,./face_cropped/0006/00060010.jpg,1
84,./face_cropped/0006/00060012.jpg,1
85,./face_cropped/0006/00060013.jpg,0
86,./face_cropped/0006/00060014.jpg,1
87,./face_cropped/0006/00060015.jpg,1
88,./face_cropped/0006/00060016.jpg,1
89,./face_cropped/0006/00060017.jpg,1
90,./face_cropped/0006/00060019.jpg,1
91,./face_cropped/0006/00060020.jpg,0
92,./face_cropped/0006/00060021.jpg,1
93,./face_cropped/0007/00070001.jpg,1
94,./face_cropped/0007/00070002.jpg,1
95,./face_cropped/0007/00070003.jpg,1
96,./face_cropped/0007/00070004.jpg,1
97,./face_cropped/0007/00070005.jpg,1
98,./face_cropped/0007/00070006.jpg,1
99,./face_cropped/0007/00070007.jpg,1
100,./face_cropped/0007/00070008.jpg,1
101,./face_cropped/0007/00070009.jpg,1
102,./face_cropped/0007/00070010.jpg,0
103,./face_cropped/0007/00070011.jpg,1
104,./face_cropped/0008/00080011.jpg,0
105,./face_cropped/0008/00080014.jpg,0
106,./face_cropped/0008/00080015.jpg,0
107,./face_cropped/0008/00080017.jpg,0
108,./face_cropped/0009/00090008.jpg,1
109,./face_cropped/0009/00090011.jpg,0
110,./face_cropped/0009/00090014.jpg,1
111,./face_cropped/0009/00090015.jpg,1
112,./face_cropped/0009/00090016.jpg,0
113,./face_cropped/0009/00090017.jpg,0
114,./face_cropped/0009/00090018.jpg,0
115,./face_cropped/0009/00090019.jpg,0
116,./face_cropped/0009/00090020.jpg,0
117,./face_cropped/0009/00090021.jpg,1
118,./face_cropped/0009/00090022.jpg,0
119,./face_cropped/0010/00100008.jpg,0
120,./face_cropped/0010/00100016.jpg,1
121,./face_cropped/0010/00100017.jpg,0
122,./face_cropped/0010/00100018.jpg,1
123,./face_cropped/0010/00100019.jpg,0
124,./face_cropped/0010/00100020.jpg,1
125,./face_cropped/0010/00100021.jpg,0
126,./face_cropped/0010/00100023.jpg,0
127,./face_cropped/0010/00100024.jpg,1
128,./face_cropped/0010/00100025.jpg,0
129,./face_cropped/0010/00100026.jpg,0
130,./face_cropped/0010/00100027.jpg,1
131,./face_cropped/0010/00100028.jpg,0
132,./face_cropped/0010/00100029.jpg,1
133,./face_cropped/0010/00100030.jpg,0
134,./face_cropped/0011/00110001.jpg,0
135,./face_cropped/0011/00110002.jpg,0
136,./face_cropped/0011/00110003.jpg,0
137,./face_cropped/0011/00110004.jpg,0
138,./face_cropped/0011/00110005.jpg,1
139,./face_cropped/0011/00110006.jpg,1
140,./face_cropped/0011/00110007.jpg,0
141,./face_cropped/0011/00110008.jpg,1
142,./face_cropped/0011/00110009.jpg,0
143,./face_cropped/0011/00110010.jpg,1
144,./face_cropped/0011/00110011.jpg,1
145,./face_cropped/0012/00120001.jpg,0
146,./face_cropped/0012/00120002.jpg,0
147,./face_cropped/0012/00120003.jpg,0
148,./face_cropped/0012/00120004.jpg,0
149,./face_cropped/0012/00120005.jpg,0
150,./face_cropped/0012/00120006.jpg,0
151,./face_cropped/0012/00120007.jpg,1
152,./face_cropped/0012/00120008.jpg,0
153,./face_cropped/0012/00120009.jpg,0
154,./face_cropped/0013/00130001.jpg,0
155,./face_cropped/0013/00130002.jpg,0
156,./face_cropped/0013/00130003.jpg,0
157,./face_cropped/0013/00130004.jpg,0
158,./face_cropped/0013/00130005.jpg,0
159,./face_cropped/0013/00130006.jpg,0
160,./face_cropped/0013/00130007.jpg,1
161,./face_cropped/0013/00130008.jpg,0
162,./face_cropped/0013/00130009.jpg,0
163,./face_cropped/0014/00140009.jpg,0
164,./face_cropped/0014/00140010.jpg,1
165,./face_cropped/0014/00140012.jpg,0
166,./face_cropped/0014/00140013.jpg,0
167,./face_cropped/0014/00140014.jpg,0
168,./face_cropped/0014/00140015.jpg,0
169,./face_cropped/0014/00140016.jpg,0
170,./face_cropped/0014/00140017.jpg,0
171,./face_cropped/0014/00140018.jpg,0
172,./face_cropped/0014/00140019.jpg,1
173,./face_cropped/0014/00140020.jpg,1
174,./face_cropped/0014/00140021.jpg,0
175,./face_cropped/0015/00150001.jpg,0
176,./face_cropped/0015/00150002.jpg,0
177,./face_cropped/0015/00150003.jpg,0
178,./face_cropped/0015/00150004.jpg,0
179,./face_cropped/0015/00150005.jpg,0
180,./face_cropped/0015/00150006.jpg,0
181,./face_cropped/0015/00150007.jpg,0
182,./face_cropped/0015/00150008.jpg,0
183,./face_cropped/0015/00150009.jpg,0
184,./face_cropped/0015/00150010.jpg,0
185,./face_cropped/0015/00150011.jpg,0
186,./face_cropped/0016/00160001.jpg,1
187,./face_cropped/0016/00160002.jpg,0
188,./face_cropped/0016/00160003.jpg,0
189,./face_cropped/0016/00160004.jpg,0
190,./face_cropped/0016/00160005.jpg,1
191,./face_cropped/0016/00160006.jpg,0
192,./face_cropped/0016/00160007.jpg,1
193,./face_cropped/0016/00160008.jpg,0
194,./face_cropped/0016/00160009.jpg,0
195,./face_cropped/0016/00160010.jpg,1
196,./face_cropped/0016/00160011.jpg,0
197,./face_cropped/0016/00160012.jpg,0
198,./face_cropped/0017/00170001.jpg,0
199,./face_cropped/0017/00170002.jpg,0
200,./face_cropped/0017/00170003.jpg,1
201,./face_cropped/0017/00170004.jpg,0
202,./face_cropped/0017/00170005.jpg,0
203,./face_cropped/0017/00170006.jpg,0
204,./face_cropped/0017/00170007.jpg,0
205,./face_cropped/0017/00170008.jpg,0
206,./face_cropped/0017/00170009.jpg,1
207,./face_cropped/0017/00170010.jpg,1
208,./face_cropped/0017/00170011.jpg,0
209,./face_cropped/0017/00170012.jpg,0
210,./face_cropped/0018/00180005.jpg,0
211,./face_cropped/0019/00190006.jpg,0
212,./face_cropped/0019/00190010.jpg,0
213,./face_cropped/0019/00190012.jpg,0
214,./face_cropped/0019/00190013.jpg,0
215,./face_cropped/0019/00190014.jpg,0
216,./face_cropped/0019/00190015.jpg,0
217,./face_cropped/0019/00190016.jpg,0
218,./face_cropped/0019/00190017.jpg,0
219,./face_cropped/0019/00190018.jpg,0
220,./face_cropped/0019/00190019.jpg,0
221,./face_cropped/0019/00190020.jpg,0
222,./face_cropped/0019/00190021.jpg,0
223,./face_cropped/0020/00200007.jpg,0
224,./face_cropped/0020/00200009.jpg,0
225,./face_cropped/0020/00200011.jpg,0
226,./face_cropped/0020/00200012.jpg,0
227,./face_cropped/0020/00200014.jpg,0
228,./face_cropped/0020/00200016.jpg,0
229,./face_cropped/0020/00200019.jpg,0
230,./face_cropped/0020/00200020.jpg,0
231,./face_cropped/0020/00200022.jpg,0
232,./face_cropped/0020/00200024.jpg,0
233,./face_cropped/0020/00200025.jpg,0
234,./face_cropped/0021/00210004.jpg,1
235,./face_cropped/0021/00210006.jpg,0
236,./face_cropped/0021/00210010.jpg,0
237,./face_cropped/0021/00210011.jpg,0
238,./face_cropped/0021/00210012.jpg,0
239,./face_cropped/0021/00210013.jpg,0
240,./face_cropped/0021/00210014.jpg,0
241,./face_cropped/0021/00210015.jpg,0
242,./face_cropped/0021/00210017.jpg,0
243,./face_cropped/0021/00210018.jpg,1
244,./face_cropped/0021/00210019.jpg,0
245,./face_cropped/0021/00210020.jpg,0
246,./face_cropped/0021/00210021.jpg,0
247,./face_cropped/0022/00220003.jpg,0
248,./face_cropped/0022/00220007.jpg,0
249,./face_cropped/0022/00220009.jpg,0
250,./face_cropped/0022/00220011.jpg,0
251,./face_cropped/0022/00220013.jpg,0
252,./face_cropped/0022/00220014.jpg,0
253,./face_cropped/0022/00220015.jpg,0
254,./face_cropped/0022/00220018.jpg,0
255,./face_cropped/0022/00220019.jpg,0
256,./face_cropped/0022/00220020.jpg,0
257,./face_cropped/0022/00220021.jpg,0
258,./face_cropped/0023/00230005.jpg,0
259,./face_cropped/0023/00230010.jpg,0
260,./face_cropped/0023/00230011.jpg,0
261,./face_cropped/0023/00230015.jpg,0
262,./face_cropped/0023/00230016.jpg,0
263,./face_cropped/0023/00230017.jpg,0
264,./face_cropped/0023/00230018.jpg,0
265,./face_cropped/0023/00230019.jpg,0
266,./face_cropped/0023/00230020.jpg,0
267,./face_cropped/0023/00230021.jpg,0
268,./face_cropped/0024/00240001.jpg,0
269,./face_cropped/0024/00240002.jpg,0
270,./face_cropped/0024/00240003.jpg,0
271,./face_cropped/0024/00240004.jpg,0
272,./face_cropped/0024/00240005.jpg,0
273,./face_cropped/0024/00240006.jpg,0
274,./face_cropped/0024/00240007.jpg,0
275,./face_cropped/0024/00240008.jpg,0
276,./face_cropped/0024/00240009.jpg,0
277,./face_cropped/0024/00240010.jpg,0
278,./face_cropped/0025/00250010.jpg,0
279,./face_cropped/0025/00250011.jpg,0
280,./face_cropped/0025/00250012.jpg,0
281,./face_cropped/0025/00250013.jpg,0
282,./face_cropped/0025/00250014.jpg,0
283,./face_cropped/0025/00250015.jpg,0
284,./face_cropped/0025/00250016.jpg,0
285,./face_cropped/0025/00250017.jpg,0
286,./face_cropped/0025/00250018.jpg,0
287,./face_cropped/0025/00250019.jpg,0
288,./face_cropped/0025/00250020.jpg,0
289,./face_cropped/0025/00250021.jpg,1
290,./face_cropped/0026/00260006.jpg,0
291,./face_cropped/0026/00260008.jpg,0
292,./face_cropped/0026/00260009.jpg,0
293,./face_cropped/0026/00260010.jpg,0
294,./face_cropped/0026/00260014.jpg,1
295,./face_cropped/0026/00260015.jpg,1
296,./face_cropped/0026/00260016.jpg,0
297,./face_cropped/0026/00260018.jpg,1
298,./face_cropped/0026/00260019.jpg,0
299,./face_cropped/0026/00260020.jpg,1
300,./face_cropped/0026/00260021.jpg,0
301,./face_cropped/0027/00270001.jpg,1
302,./face_cropped/0027/00270002.jpg,0
303,./face_cropped/0027/00270003.jpg,0
304,./face_cropped/0027/00270004.jpg,0
305,./face_cropped/0027/00270005.jpg,0
306,./face_cropped/0027/00270006.jpg,1
307,./face_cropped/0027/00270007.jpg,0
308,./face_cropped/0027/00270008.jpg,0
309,./face_cropped/0027/00270009.jpg,0
310,./face_cropped/0027/00270010.jpg,0
311,./face_cropped/0027/00270011.jpg,1
312,./face_cropped/0027/00270012.jpg,1
313,./face_cropped/0028/00280001.jpg,0
314,./face_cropped/0028/00280002.jpg,1
315,./face_cropped/0028/00280003.jpg,0
316,./face_cropped/0028/00280004.jpg,0
317,./face_cropped/0028/00280005.jpg,0
318,./face_cropped/0028/00280006.jpg,1
319,./face_cropped/0028/00280007.jpg,0
320,./face_cropped/0028/00280008.jpg,1
321,./face_cropped/0028/00280009.jpg,0
322,./face_cropped/0028/00280010.jpg,0
323,./face_cropped/0028/00280011.jpg,0
324,./face_cropped/0029/00290001.jpg,0
325,./face_cropped/0029/00290002.jpg,0
326,./face_cropped/0029/00290003.jpg,0
327,./face_cropped/0029/00290004.jpg,0
328,./face_cropped/0029/00290005.jpg,0
329,./face_cropped/0029/00290006.jpg,0
330,./face_cropped/0029/00290007.jpg,0
331,./face_cropped/0029/00290008.jpg,0
332,./face_cropped/0029/00290009.jpg,0
333,./face_cropped/0029/00290010.jpg,0
334,./face_cropped/0029/00290011.jpg,0
335,./face_cropped/0029/00290012.jpg,0
336,./face_cropped/0029/00290013.jpg,0
337,./face_cropped/0030/00300001.jpg,0
338,./face_cropped/0030/00300002.jpg,0
339,./face_cropped/0030/00300003.jpg,1
340,./face_cropped/0030/00300004.jpg,0
341,./face_cropped/0030/00300005.jpg,0
342,./face_cropped/0030/00300006.jpg,0
343,./face_cropped/0030/00300007.jpg,1
344,./face_cropped/0030/00300008.jpg,0
345,./face_cropped/0030/00300009.jpg,0
346,./face_cropped/0030/00300010.jpg,0
347,./face_cropped/0031/00310001.jpg,0
348,./face_cropped/0031/00310002.jpg,1
349,./face_cropped/0031/00310003.jpg,0
350,./face_cropped/0031/00310004.jpg,0
351,./face_cropped/0031/00310005.jpg,1
352,./face_cropped/0031/00310006.jpg,1
353,./face_cropped/0031/00310007.jpg,0
354,./face_cropped/0031/00310008.jpg,0
355,./face_cropped/0031/00310009.jpg,1
356,./face_cropped/0031/00310010.jpg,0
357,./face_cropped/0031/00310011.jpg,0
358,./face_cropped/0031/00310012.jpg,1
359,./face_cropped/0032/00320002.jpg,0
360,./face_cropped/0032/00320004.jpg,0
361,./face_cropped/0032/00320008.jpg,0
362,./face_cropped/0032/00320009.jpg,0
363,./face_cropped/0032/00320011.jpg,0
364,./face_cropped/0032/00320014.jpg,0
365,./face_cropped/0032/00320017.jpg,0
366,./face_cropped/0032/00320018.jpg,0
367,./face_cropped/0032/00320020.jpg,0
368,./face_cropped/0032/00320021.jpg,0
369,./face_cropped/0032/00320022.jpg,0
370,./face_cropped/0032/00320023.jpg,0
371,./face_cropped/0033/00330017.jpg,0
372,./face_cropped/0033/00330018.jpg,0
373,./face_cropped/0033/00330020.jpg,0
374,./face_cropped/0033/00330021.jpg,0
375,./face_cropped/0033/00330022.jpg,0
376,./face_cropped/0033/00330024.jpg,0
377,./face_cropped/0033/00330029.jpg,0
378,./face_cropped/0033/00330030.jpg,0
379,./face_cropped/0033/00330031.jpg,0
380,./face_cropped/0033/00330032.jpg,0
381,./face_cropped/0033/00330033.jpg,0
382,./face_cropped/0033/00330034.jpg,0
383,./face_cropped/0033/00330035.jpg,0
384,./face_cropped/0033/00330036.jpg,0
385,./face_cropped/0033/00330037.jpg,0
386,./face_cropped/0033/00330038.jpg,0
387,./face_cropped/0033/00330039.jpg,0
388,./face_cropped/0033/00330040.jpg,0
389,./face_cropped/0033/00330041.jpg,0
390,./face_cropped/0033/00330042.jpg,0
391,./face_cropped/0033/00330043.jpg,0
392,./face_cropped/0034/00340009.jpg,0
393,./face_cropped/0034/00340010.jpg,0
394,./face_cropped/0034/00340011.jpg,0
395,./face_cropped/0034/00340013.jpg,0
396,./face_cropped/0034/00340014.jpg,0
397,./face_cropped/0034/00340015.jpg,0
398,./face_cropped/0034/00340017.jpg,0
399,./face_cropped/0034/00340018.jpg,0
400,./face_cropped/0034/00340020.jpg,0
401,./face_cropped/0034/00340021.jpg,0
402,./face_cropped/0034/00340022.jpg,0
403,./face_cropped/0035/00350002.jpg,0
404,./face_cropped/0035/00350007.jpg,0
405,./face_cropped/0035/00350008.jpg,1
406,./face_cropped/0035/00350009.jpg,1
407,./face_cropped/0035/00350010.jpg,1
408,./face_cropped/0035/00350011.jpg,1
409,./face_cropped/0036/00360002.jpg,1
410,./face_cropped/0036/00360006.jpg,1
411,./face_cropped/0036/00360009.jpg,1
412,./face_cropped/0036/00360010.jpg,0
413,./face_cropped/0036/00360011.jpg,0
414,./face_cropped/0036/00360012.jpg,0
415,./face_cropped/0036/00360014.jpg,1
416,./face_cropped/0036/00360015.jpg,1
417,./face_cropped/0036/00360016.jpg,1
418,./face_cropped/0036/00360017.jpg,1
419,./face_cropped/0036/00360020.jpg,1
420,./face_cropped/0037/00370001.jpg,0
421,./face_cropped/0037/00370002.jpg,0
422,./face_cropped/0037/00370003.jpg,0
423,./face_cropped/0037/00370004.jpg,0
424,./face_cropped/0037/00370005.jpg,0
425,./face_cropped/0037/00370006.jpg,0
426,./face_cropped/0037/00370007.jpg,0
427,./face_cropped/0037/00370008.jpg,0
428,./face_cropped/0037/00370009.jpg,0
429,./face_cropped/0037/00370010.jpg,0
430,./face_cropped/0037/00370011.jpg,0
431,./face_cropped/0037/00370012.jpg,0
432,./face_cropped/0038/00380007.jpg,0
433,./face_cropped/0038/00380010.jpg,0
434,./face_cropped/0038/00380012.jpg,1
435,./face_cropped/0038/00380015.jpg,0
436,./face_cropped/0038/00380016.jpg,0
437,./face_cropped/0038/00380020.jpg,0
438,./face_cropped/0039/00390001.jpg,1
439,./face_cropped/0039/00390005.jpg,0
440,./face_cropped/0039/00390006.jpg,0
441,./face_cropped/0039/00390007.jpg,1
442,./face_cropped/0039/00390008.jpg,0
443,./face_cropped/0039/00390009.jpg,0
444,./face_cropped/0040/00400001.jpg,0
445,./face_cropped/0040/00400002.jpg,0
446,./face_cropped/0040/00400003.jpg,0
447,./face_cropped/0040/00400004.jpg,0
448,./face_cropped/0040/00400005.jpg,0
449,./face_cropped/0040/00400006.jpg,0
450,./face_cropped/0040/00400007.jpg,0
451,./face_cropped/0040/00400008.jpg,0
452,./face_cropped/0040/00400009.jpg,0
453,./face_cropped/0040/00400010.jpg,0
454,./face_cropped/0040/00400011.jpg,0
455,./face_cropped/0041/00410001.jpg,0
456,./face_cropped/0041/00410002.jpg,0
457,./face_cropped/0041/00410003.jpg,0
458,./face_cropped/0041/00410004.jpg,0
459,./face_cropped/0041/00410005.jpg,0
460,./face_cropped/0041/00410006.jpg,0
461,./face_cropped/0041/00410008.jpg,0
462,./face_cropped/0041/00410009.jpg,0
463,./face_cropped/0042/00420001.jpg,1
464,./face_cropped/0042/00420002.jpg,1
465,./face_cropped/0042/00420003.jpg,0
466,./face_cropped/0042/00420004.jpg,0
467,./face_cropped/0042/00420005.jpg,0
468,./face_cropped/0042/00420006.jpg,1
469,./face_cropped/0042/00420007.jpg,0
470,./face_cropped/0042/00420008.jpg,0
471,./face_cropped/0042/00420009.jpg,0
472,./face_cropped/0043/00430001.jpg,1
473,./face_cropped/0043/00430002.jpg,1
474,./face_cropped/0043/00430003.jpg,1
475,./face_cropped/0043/00430004.jpg,1
476,./face_cropped/0043/00430005.jpg,1
477,./face_cropped/0043/00430006.jpg,1
478,./face_cropped/0043/00430007.jpg,1
479,./face_cropped/0043/00430008.jpg,0
480,./face_cropped/0043/00430009.jpg,1
481,./face_cropped/0043/00430010.jpg,1
482,./face_cropped/0043/00430011.jpg,1
483,./face_cropped/0043/00430012.jpg,1
484,./face_cropped/0043/00430013.jpg,1
485,./face_cropped/0043/00430014.jpg,1
486,./face_cropped/0043/00430015.jpg,1
487,./face_cropped/0043/00430016.jpg,1
488,./face_cropped/0043/00430017.jpg,1
489,./face_cropped/0043/00430018.jpg,1
490,./face_cropped/0043/00430019.jpg,1
491,./face_cropped/0043/00430020.jpg,1
492,./face_cropped/0043/00430021.jpg,1
493,./face_cropped/0043/00430022.jpg,1
494,./face_cropped/0043/00430023.jpg,1
495,./face_cropped/0043/00430024.jpg,1
496,./face_cropped/0043/00430025.jpg,1
497,./face_cropped/0043/00430026.jpg,1
498,./face_cropped/0044/00440009.jpg,1
499,./face_cropped/0044/00440013.jpg,1
500,./face_cropped/0044/00440015.jpg,1
501,./face_cropped/0044/00440016.jpg,1
502,./face_cropped/0044/00440018.jpg,1
503,./face_cropped/0044/00440019.jpg,1
504,./face_cropped/0044/00440020.jpg,1
505,./face_cropped/0044/00440025.jpg,1
506,./face_cropped/0044/00440027.jpg,1
507,./face_cropped/0044/00440030.jpg,1
508,./face_cropped/0044/00440032.jpg,1
509,./face_cropped/0044/00440034.jpg,1
510,./face_cropped/0044/00440037.jpg,1
511,./face_cropped/0044/00440038.jpg,1
512,./face_cropped/0044/00440039.jpg,1
513,./face_cropped/0044/00440040.jpg,1
514,./face_cropped/0044/00440041.jpg,1
515,./face_cropped/0044/00440042.jpg,1
516,./face_cropped/0044/00440043.jpg,1
517,./face_cropped/0044/00440044.jpg,1
518,./face_cropped/0044/00440045.jpg,1
519,./face_cropped/0044/00440046.jpg,1
520,./face_cropped/0044/00440047.jpg,1
521,./face_cropped/0044/00440048.jpg,1
522,./face_cropped/0044/00440049.jpg,1
523,./face_cropped/0044/00440050.jpg,1
524,./face_cropped/0044/00440051.jpg,1
525,./face_cropped/0045/00450001.jpg,1
526,./face_cropped/0045/00450002.jpg,1
527,./face_cropped/0045/00450003.jpg,1
528,./face_cropped/0045/00450004.jpg,1
529,./face_cropped/0045/00450005.jpg,1
530,./face_cropped/0045/00450006.jpg,0
531,./face_cropped/0045/00450007.jpg,1
532,./face_cropped/0045/00450008.jpg,1
533,./face_cropped/0045/00450009.jpg,1
534,./face_cropped/0045/00450010.jpg,0
535,./face_cropped/0045/00450011.jpg,0
536,./face_cropped/0045/00450012.jpg,1
537,./face_cropped/0045/00450013.jpg,1
538,./face_cropped/0045/00450014.jpg,1
539,./face_cropped/0045/00450015.jpg,1
540,./face_cropped/0045/00450016.jpg,0
541,./face_cropped/0045/00450017.jpg,1
542,./face_cropped/0045/00450018.jpg,1
543,./face_cropped/0045/00450019.jpg,0
544,./face_cropped/0045/00450020.jpg,1
545,./face_cropped/0045/00450021.jpg,0
546,./face_cropped/0045/00450022.jpg,0
547,./face_cropped/0045/00450023.jpg,0
548,./face_cropped/0045/00450024.jpg,0
549,./face_cropped/0045/00450025.jpg,1
550,./face_cropped/0045/00450026.jpg,0
551,./face_cropped/0046/00460007.jpg,0
552,./face_cropped/0046/00460014.jpg,0
553,./face_cropped/0046/00460015.jpg,0
554,./face_cropped/0046/00460016.jpg,1
555,./face_cropped/0046/00460019.jpg,0
556,./face_cropped/0046/00460020.jpg,0
557,./face_cropped/0046/00460023.jpg,1
558,./face_cropped/0046/00460027.jpg,0
559,./face_cropped/0046/00460030.jpg,0
560,./face_cropped/0046/00460034.jpg,1
561,./face_cropped/0046/00460035.jpg,0
562,./face_cropped/0046/00460037.jpg,0
563,./face_cropped/0046/00460039.jpg,0
564,./face_cropped/0046/00460040.jpg,1
565,./face_cropped/0046/00460041.jpg,1
566,./face_cropped/0046/00460043.jpg,0
567,./face_cropped/0046/00460044.jpg,0
568,./face_cropped/0046/00460045.jpg,0
569,./face_cropped/0046/00460046.jpg,0
570,./face_cropped/0046/00460047.jpg,0
571,./face_cropped/0046/00460048.jpg,0
572,./face_cropped/0046/00460050.jpg,0
573,./face_cropped/0046/00460051.jpg,1
574,./face_cropped/0046/00460052.jpg,0
575,./face_cropped/0047/00470011.jpg,0
576,./face_cropped/0047/00470012.jpg,0
577,./face_cropped/0047/00470015.jpg,0
578,./face_cropped/0047/00470017.jpg,0
579,./face_cropped/0047/00470020.jpg,0
580,./face_cropped/0047/00470024.jpg,0
581,./face_cropped/0047/00470028.jpg,1
582,./face_cropped/0047/00470029.jpg,0
583,./face_cropped/0047/00470030.jpg,0
584,./face_cropped/0047/00470032.jpg,0
585,./face_cropped/0047/00470033.jpg,0
586,./face_cropped/0047/00470034.jpg,0
587,./face_cropped/0047/00470035.jpg,0
588,./face_cropped/0047/00470037.jpg,0
589,./face_cropped/0047/00470038.jpg,1
590,./face_cropped/0047/00470040.jpg,1
591,./face_cropped/0047/00470041.jpg,1
592,./face_cropped/0047/00470044.jpg,1
593,./face_cropped/0047/00470045.jpg,1
594,./face_cropped/0047/00470046.jpg,0
595,./face_cropped/0047/00470047.jpg,0
596,./face_cropped/0048/00480001.jpg,0
597,./face_cropped/0048/00480002.jpg,0
598,./face_cropped/0048/00480003.jpg,0
599,./face_cropped/0048/00480004.jpg,0
600,./face_cropped/0048/00480005.jpg,1
601,./face_cropped/0048/00480006.jpg,0
602,./face_cropped/0048/00480007.jpg,1
603,./face_cropped/0048/00480008.jpg,0
604,./face_cropped/0048/00480009.jpg,0
605,./face_cropped/0048/00480010.jpg,0
606,./face_cropped/0048/00480011.jpg,0
607,./face_cropped/0048/00480012.jpg,0
608,./face_cropped/0048/00480013.jpg,0
609,./face_cropped/0048/00480014.jpg,0
610,./face_cropped/0048/00480015.jpg,0
611,./face_cropped/0048/00480016.jpg,0
612,./face_cropped/0048/00480017.jpg,0
613,./face_cropped/0048/00480018.jpg,0
614,./face_cropped/0048/00480019.jpg,0
615,./face_cropped/0048/00480020.jpg,0
616,./face_cropped/0048/00480021.jpg,0
617,./face_cropped/0048/00480022.jpg,0
618,./face_cropped/0048/00480023.jpg,0
619,./face_cropped/0048/00480024.jpg,0
620,./face_cropped/0048/00480025.jpg,0
621,./face_cropped/0049/00490002.jpg,0
622,./face_cropped/0049/00490003.jpg,0
623,./face_cropped/0049/00490006.jpg,0
624,./face_cropped/0049/00490007.jpg,0
625,./face_cropped/0049/00490008.jpg,0
626,./face_cropped/0049/00490010.jpg,0
627,./face_cropped/0049/00490012.jpg,0
628,./face_cropped/0049/00490013.jpg,0
629,./face_cropped/0049/00490014.jpg,0
630,./face_cropped/0049/00490016.jpg,0
631,./face_cropped/0049/00490017.jpg,0
632,./face_cropped/0049/00490018.jpg,0
633,./face_cropped/0049/00490019.jpg,0
634,./face_cropped/0049/00490021.jpg,0
635,./face_cropped/0050/00500001.jpg,0
636,./face_cropped/0050/00500002.jpg,0
637,./face_cropped/0050/00500003.jpg,0
638,./face_cropped/0050/00500004.jpg,0
639,./face_cropped/0050/00500005.jpg,0
640,./face_cropped/0050/00500006.jpg,0
641,./face_cropped/0050/00500007.jpg,0
642,./face_cropped/0050/00500008.jpg,0
643,./face_cropped/0050/00500009.jpg,0
644,./face_cropped/0050/00500010.jpg,0
645,./face_cropped/0050/00500011.jpg,0
646,./face_cropped/0050/00500012.jpg,1
647,./face_cropped/0051/00510005.jpg,1
648,./face_cropped/0051/00510006.jpg,0
649,./face_cropped/0051/00510009.jpg,0
650,./face_cropped/0051/00510014.jpg,0
651,./face_cropped/0051/00510015.jpg,0
652,./face_cropped/0051/00510017.jpg,1
653,./face_cropped/0051/00510018.jpg,1
654,./face_cropped/0051/00510019.jpg,1
655,./face_cropped/0051/00510020.jpg,1
656,./face_cropped/0051/00510021.jpg,1
657,./face_cropped/0051/00510022.jpg,1
658,./face_cropped/0052/00520001.jpg,0
659,./face_cropped/0052/00520002.jpg,0
660,./face_cropped/0052/00520003.jpg,0
661,./face_cropped/0052/00520004.jpg,0
662,./face_cropped/0052/00520005.jpg,0
663,./face_cropped/0052/00520006.jpg,0
664,./face_cropped/0052/00520007.jpg,0
665,./face_cropped/0052/00520008.jpg,0
666,./face_cropped/0052/00520009.jpg,1
667,./face_cropped/0052/00520010.jpg,0
668,./face_cropped/0052/00520011.jpg,0
669,./face_cropped/0053/00530001.jpg,0
670,./face_cropped/0053/00530002.jpg,0
671,./face_cropped/0053/00530003.jpg,0
672,./face_cropped/0053/00530004.jpg,0
673,./face_cropped/0053/00530005.jpg,0
674,./face_cropped/0053/00530006.jpg,0
675,./face_cropped/0053/00530007.jpg,0
676,./face_cropped/0053/00530008.jpg,0
677,./face_cropped/0053/00530009.jpg,0
678,./face_cropped/0053/00530010.jpg,0
679,./face_cropped/0054/00540001.jpg,1
680,./face_cropped/0054/00540002.jpg,1
681,./face_cropped/0054/00540003.jpg,0
682,./face_cropped/0054/00540004.jpg,1
683,./face_cropped/0054/00540005.jpg,0
684,./face_cropped/0054/00540006.jpg,0
685,./face_cropped/0054/00540007.jpg,0
686,./face_cropped/0054/00540008.jpg,0
687,./face_cropped/0054/00540009.jpg,0
688,./face_cropped/0054/00540010.jpg,0
689,./face_cropped/0054/00540011.jpg,0
690,./face_cropped/0055/00550001.jpg,0
691,./face_cropped/0055/00550002.jpg,1
692,./face_cropped/0055/00550003.jpg,1
693,./face_cropped/0055/00550004.jpg,1
694,./face_cropped/0055/00550005.jpg,1
695,./face_cropped/0055/00550006.jpg,1
696,./face_cropped/0055/00550007.jpg,1
697,./face_cropped/0055/00550008.jpg,1
698,./face_cropped/0055/00550009.jpg,0
699,./face_cropped/0055/00550010.jpg,0
700,./face_cropped/0056/00560001.jpg,1
701,./face_cropped/0056/00560002.jpg,0
702,./face_cropped/0056/00560003.jpg,0
703,./face_cropped/0056/00560004.jpg,1
704,./face_cropped/0056/00560005.jpg,0
705,./face_cropped/0056/00560006.jpg,0
706,./face_cropped/0056/00560007.jpg,1
707,./face_cropped/0056/00560008.jpg,1
708,./face_cropped/0056/00560009.jpg,1
709,./face_cropped/0057/00570001.jpg,1
710,./face_cropped/0057/00570002.jpg,1
711,./face_cropped/0057/00570003.jpg,1
712,./face_cropped/0057/00570004.jpg,1
713,./face_cropped/0057/00570005.jpg,0
714,./face_cropped/0057/00570006.jpg,0
715,./face_cropped/0057/00570007.jpg,0
716,./face_cropped/0057/00570008.jpg,1
717,./face_cropped/0057/00570009.jpg,1
718,./face_cropped/0057/00570010.jpg,1
719,./face_cropped/0057/00570011.jpg,0
720,./face_cropped/0058/00580001.jpg,0
721,./face_cropped/0058/00580002.jpg,0
722,./face_cropped/0058/00580003.jpg,0
723,./face_cropped/0058/00580004.jpg,0
724,./face_cropped/0058/00580005.jpg,0
725,./face_cropped/0058/00580006.jpg,0
726,./face_cropped/0058/00580007.jpg,0
727,./face_cropped/0058/00580008.jpg,0
728,./face_cropped/0058/00580009.jpg,0
729,./face_cropped/0058/00580010.jpg,0
730,./face_cropped/0058/00580011.jpg,0
731,./face_cropped/0058/00580012.jpg,1
732,./face_cropped/0058/00580013.jpg,0
733,./face_cropped/0058/00580014.jpg,0
734,./face_cropped/0059/00590001.jpg,0
735,./face_cropped/0059/00590003.jpg,0
736,./face_cropped/0059/00590004.jpg,0
737,./face_cropped/0059/00590005.jpg,1
738,./face_cropped/0059/00590006.jpg,1
739,./face_cropped/0059/00590007.jpg,0
740,./face_cropped/0059/00590008.jpg,1
741,./face_cropped/0059/00590009.jpg,0
742,./face_cropped/0059/00590010.jpg,1
743,./face_cropped/0059/00590011.jpg,0
744,./face_cropped/0059/00590012.jpg,0
745,./face_cropped/0060/00600003.jpg,0
746,./face_cropped/0060/00600007.jpg,1
747,./face_cropped/0060/00600008.jpg,1
748,./face_cropped/0060/00600010.jpg,1
749,./face_cropped/0060/00600011.jpg,0
750,./face_cropped/0060/00600013.jpg,1
751,./face_cropped/0060/00600014.jpg,1
752,./face_cropped/0060/00600017.jpg,1
753,./face_cropped/0060/00600018.jpg,1
754,./face_cropped/0060/00600019.jpg,1
755,./face_cropped/0060/00600020.jpg,1
756,./face_cropped/0060/00600022.jpg,0
757,./face_cropped/0060/00600023.jpg,1
758,./face_cropped/0060/00600024.jpg,0
759,./face_cropped/0061/00610001.jpg,0
760,./face_cropped/0061/00610002.jpg,0
761,./face_cropped/0061/00610003.jpg,0
762,./face_cropped/0061/00610004.jpg,0
763,./face_cropped/0061/00610005.jpg,0
764,./face_cropped/0061/00610006.jpg,0
765,./face_cropped/0061/00610007.jpg,0
766,./face_cropped/0061/00610008.jpg,0
767,./face_cropped/0061/00610009.jpg,0
768,./face_cropped/0061/00610010.jpg,0
769,./face_cropped/0061/00610011.jpg,0
770,./face_cropped/0061/00610012.jpg,0
771,./face_cropped/0061/00610013.jpg,0
772,./face_cropped/0061/00610014.jpg,0
773,./face_cropped/0062/00620001.jpg,0
774,./face_cropped/0062/00620002.jpg,0
775,./face_cropped/0062/00620003.jpg,0
776,./face_cropped/0062/00620004.jpg,0
777,./face_cropped/0062/00620005.jpg,0
778,./face_cropped/0062/00620006.jpg,0
779,./face_cropped/0062/00620007.jpg,0
780,./face_cropped/0062/00620008.jpg,0
781,./face_cropped/0063/00630004.jpg,0
782,./face_cropped/0063/00630006.jpg,0
783,./face_cropped/0063/00630011.jpg,0
784,./face_cropped/0063/00630012.jpg,0
785,./face_cropped/0063/00630013.jpg,0
786,./face_cropped/0063/00630014.jpg,0
787,./face_cropped/0063/00630016.jpg,0
788,./face_cropped/0063/00630017.jpg,0
789,./face_cropped/0063/00630018.jpg,0
790,./face_cropped/0063/00630019.jpg,0
791,./face_cropped/0063/00630020.jpg,0
792,./face_cropped/0063/00630021.jpg,0
793,./face_cropped/0064/00640003.jpg,0
794,./face_cropped/0064/00640011.jpg,0
795,./face_cropped/0064/00640012.jpg,0
796,./face_cropped/0064/00640014.jpg,0
797,./face_cropped/0064/00640016.jpg,0
798,./face_cropped/0064/00640017.jpg,0
799,./face_cropped/0064/00640018.jpg,0
800,./face_cropped/0064/00640021.jpg,0
801,./face_cropped/0064/00640022.jpg,0
802,./face_cropped/0065/00650003.jpg,1
803,./face_cropped/0065/00650006.jpg,1
804,./face_cropped/0065/00650008.jpg,1
805,./face_cropped/0065/00650010.jpg,1
806,./face_cropped/0065/00650013.jpg,1
807,./face_cropped/0065/00650014.jpg,1
808,./face_cropped/0065/00650017.jpg,1
809,./face_cropped/0065/00650018.jpg,1
810,./face_cropped/0065/00650020.jpg,1
811,./face_cropped/0065/00650021.jpg,1
812,./face_cropped/0066/00660001.jpg,1
813,./face_cropped/0066/00660002.jpg,1
814,./face_cropped/0066/00660003.jpg,1
815,./face_cropped/0066/00660004.jpg,1
816,./face_cropped/0066/00660005.jpg,1
817,./face_cropped/0066/00660006.jpg,1
818,./face_cropped/0066/00660007.jpg,1
819,./face_cropped/0066/00660008.jpg,1
820,./face_cropped/0066/00660009.jpg,1
821,./face_cropped/0066/00660010.jpg,1
822,./face_cropped/0066/00660011.jpg,1
823,./face_cropped/0067/00670007.jpg,0
824,./face_cropped/0067/00670011.jpg,0
825,./face_cropped/0067/00670014.jpg,0
826,./face_cropped/0067/00670015.jpg,0
827,./face_cropped/0067/00670016.jpg,0
828,./face_cropped/0067/00670017.jpg,0
829,./face_cropped/0067/00670018.jpg,0
830,./face_cropped/0067/00670019.jpg,0
831,./face_cropped/0067/00670020.jpg,0
832,./face_cropped/0067/00670021.jpg,0
833,./face_cropped/0068/00680007.jpg,0
834,./face_cropped/0068/00680010.jpg,0
835,./face_cropped/0068/00680013.jpg,1
836,./face_cropped/0068/00680014.jpg,0
837,./face_cropped/0068/00680015.jpg,0
838,./face_cropped/0068/00680016.jpg,0
839,./face_cropped/0068/00680017.jpg,1
840,./face_cropped/0068/00680018.jpg,0
841,./face_cropped/0068/00680019.jpg,0
842,./face_cropped/0068/00680020.jpg,0
843,./face_cropped/0068/00680021.jpg,1
844,./face_cropped/0069/00690006.jpg,0
845,./face_cropped/0069/00690011.jpg,0
846,./face_cropped/0069/00690015.jpg,1
847,./face_cropped/0069/00690016.jpg,0
848,./face_cropped/0069/00690017.jpg,1
849,./face_cropped/0069/00690018.jpg,0
850,./face_cropped/0069/00690019.jpg,0
851,./face_cropped/0069/00690020.jpg,0
852,./face_cropped/0069/00690021.jpg,0
853,./face_cropped/0070/00700002.jpg,0
854,./face_cropped/0070/00700003.jpg,0
855,./face_cropped/0070/00700009.jpg,0
856,./face_cropped/0070/00700012.jpg,0
857,./face_cropped/0070/00700015.jpg,0
858,./face_cropped/0070/00700016.jpg,0
859,./face_cropped/0070/00700017.jpg,0
860,./face_cropped/0070/00700018.jpg,0
861,./face_cropped/0070/00700019.jpg,0
862,./face_cropped/0070/00700021.jpg,0
863,./face_cropped/0070/00700022.jpg,0
864,./face_cropped/0071/00710001.jpg,1
865,./face_cropped/0071/00710002.jpg,0
866,./face_cropped/0071/00710003.jpg,0
867,./face_cropped/0071/00710004.jpg,0
868,./face_cropped/0071/00710005.jpg,1
869,./face_cropped/0071/00710006.jpg,1
870,./face_cropped/0071/00710007.jpg,1
871,./face_cropped/0071/00710008.jpg,0
872,./face_cropped/0071/00710009.jpg,1
873,./face_cropped/0071/00710010.jpg,0
874,./face_cropped/0071/00710011.jpg,1
875,./face_cropped/0071/00710012.jpg,0
876,./face_cropped/0071/00710013.jpg,0
877,./face_cropped/0071/00710014.jpg,0
878,./face_cropped/0071/00710015.jpg,0
879,./face_cropped/0071/00710016.jpg,0
880,./face_cropped/0071/00710017.jpg,1
881,./face_cropped/0071/00710018.jpg,1
882,./face_cropped/0071/00710019.jpg,0
883,./face_cropped/0071/00710020.jpg,1
884,./face_cropped/0071/00710021.jpg,0
885,./face_cropped/0071/00710022.jpg,0
886,./face_cropped/0071/00710023.jpg,0
887,./face_cropped/0071/00710024.jpg,1
888,./face_cropped/0071/00710025.jpg,0
889,./face_cropped/0071/00710026.jpg,0
890,./face_cropped/0071/00710027.jpg,0
891,./face_cropped/0071/00710028.jpg,0
892,./face_cropped/0071/00710029.jpg,1
893,./face_cropped/0071/00710030.jpg,1
894,./face_cropped/0071/00710031.jpg,1
895,./face_cropped/0071/00710032.jpg,0
896,./face_cropped/0071/00710033.jpg,0
897,./face_cropped/0072/00720006.jpg,1
898,./face_cropped/0072/00720007.jpg,1
899,./face_cropped/0072/00720018.jpg,1
900,./face_cropped/0072/00720019.jpg,0
901,./face_cropped/0072/00720022.jpg,0
902,./face_cropped/0072/00720023.jpg,1
903,./face_cropped/0072/00720025.jpg,0
904,./face_cropped/0072/00720027.jpg,1
905,./face_cropped/0072/00720030.jpg,1
906,./face_cropped/0072/00720033.jpg,1
907,./face_cropped/0073/00730001.jpg,1
908,./face_cropped/0073/00730002.jpg,0
909,./face_cropped/0073/00730003.jpg,0
910,./face_cropped/0073/00730004.jpg,0
911,./face_cropped/0073/00730005.jpg,0
912,./face_cropped/0073/00730006.jpg,0
913,./face_cropped/0073/00730007.jpg,0
914,./face_cropped/0073/00730008.jpg,0
915,./face_cropped/0073/00730009.jpg,0
916,./face_cropped/0073/00730010.jpg,0
917,./face_cropped/0073/00730011.jpg,0
918,./face_cropped/0073/00730012.jpg,0
919,./face_cropped/0073/00730013.jpg,0
920,./face_cropped/0073/00730014.jpg,0
921,./face_cropped/0073/00730015.jpg,0
922,./face_cropped/0074/00740008.jpg,0
923,./face_cropped/0074/00740009.jpg,0
924,./face_cropped/0074/00740011.jpg,1
925,./face_cropped/0074/00740014.jpg,0
926,./face_cropped/0074/00740015.jpg,0
927,./face_cropped/0074/00740017.jpg,0
928,./face_cropped/0074/00740021.jpg,0
929,./face_cropped/0074/00740023.jpg,0
930,./face_cropped/0074/00740025.jpg,0
931,./face_cropped/0075/00750001.jpg,1
932,./face_cropped/0075/00750002.jpg,1
933,./face_cropped/0075/00750003.jpg,1
934,./face_cropped/0075/00750004.jpg,1
935,./face_cropped/0075/00750005.jpg,1
936,./face_cropped/0075/00750006.jpg,0
937,./face_cropped/0075/00750007.jpg,1
938,./face_cropped/0075/00750008.jpg,0
939,./face_cropped/0075/00750009.jpg,1
940,./face_cropped/0075/00750010.jpg,1
941,./face_cropped/0075/00750011.jpg,1
942,./face_cropped/0075/00750012.jpg,0
943,./face_cropped/0075/00750013.jpg,0
944,./face_cropped/0075/00750014.jpg,1
945,./face_cropped/0076/00760001.jpg,0
946,./face_cropped/0076/00760002.jpg,0
947,./face_cropped/0076/00760003.jpg,0
948,./face_cropped/0076/00760004.jpg,0
949,./face_cropped/0076/00760005.jpg,0
950,./face_cropped/0076/00760006.jpg,0
951,./face_cropped/0076/00760007.jpg,1
952,./face_cropped/0076/00760008.jpg,0
953,./face_cropped/0076/00760009.jpg,0
954,./face_cropped/0076/00760010.jpg,0
955,./face_cropped/0076/00760011.jpg,0
956,./face_cropped/0076/00760012.jpg,0
957,./face_cropped/0077/00770001.jpg,0
958,./face_cropped/0077/00770002.jpg,0
959,./face_cropped/0077/00770003.jpg,0
960,./face_cropped/0077/00770004.jpg,0
961,./face_cropped/0077/00770005.jpg,0
962,./face_cropped/0077/00770006.jpg,0
963,./face_cropped/0077/00770007.jpg,0
964,./face_cropped/0077/00770008.jpg,0
965,./face_cropped/0077/00770009.jpg,0
966,./face_cropped/0077/00770010.jpg,0
967,./face_cropped/0077/00770011.jpg,0
968,./face_cropped/0077/00770012.jpg,0
969,./face_cropped/0077/00770013.jpg,0
970,./face_cropped/0077/00770014.jpg,0
971,./face_cropped/0077/00770015.jpg,0
972,./face_cropped/0077/00770016.jpg,0
973,./face_cropped/0077/00770017.jpg,0
974,./face_cropped/0077/00770018.jpg,0
975,./face_cropped/0077/00770019.jpg,0
976,./face_cropped/0077/00770020.jpg,0
977,./face_cropped/0077/00770021.jpg,0
978,./face_cropped/0077/00770022.jpg,0
979,./face_cropped/0077/00770023.jpg,0
980,./face_cropped/0077/00770024.jpg,0
981,./face_cropped/0077/00770025.jpg,0
982,./face_cropped/0077/00770026.jpg,0
983,./face_cropped/0077/00770027.jpg,0
984,./face_cropped/0077/00770028.jpg,0
985,./face_cropped/0077/00770029.jpg,0
986,./face_cropped/0077/00770030.jpg,0
987,./face_cropped/0077/00770031.jpg,0
988,./face_cropped/0077/00770032.jpg,0
989,./face_cropped/0077/00770033.jpg,0
990,./face_cropped/0077/00770034.jpg,0
991,./face_cropped/0077/00770035.jpg,0
992,./face_cropped/0077/00770036.jpg,0
993,./face_cropped/0077/00770037.jpg,0
994,./face_cropped/0077/00770038.jpg,0
995,./face_cropped/0077/00770039.jpg,0
996,./face_cropped/0077/00770040.jpg,0
997,./face_cropped/0077/00770041.jpg,0
998,./face_cropped/0077/00770042.jpg,0
999,./face_cropped/0077/00770043.jpg,0
1000,./face_cropped/0078/00780001.jpg,0
1001,./face_cropped/0078/00780002.jpg,0
1002,./face_cropped/0078/00780003.jpg,0
1003,./face_cropped/0078/00780004.jpg,0
1004,./face_cropped/0078/00780005.jpg,0
1005,./face_cropped/0078/00780006.jpg,0
1006,./face_cropped/0078/00780007.jpg,0
1007,./face_cropped/0078/00780008.jpg,0
1008,./face_cropped/0078/00780009.jpg,0
1009,./face_cropped/0078/00780010.jpg,0
1010,./face_cropped/0078/00780011.jpg,0
1011,./face_cropped/0078/00780012.jpg,0
1012,./face_cropped/0078/00780013.jpg,0
1013,./face_cropped/0078/00780014.jpg,0
1014,./face_cropped/0078/00780015.jpg,0
1015,./face_cropped/0078/00780016.jpg,0
1016,./face_cropped/0078/00780017.jpg,0
1017,./face_cropped/0078/00780018.jpg,0
1018,./face_cropped/0078/00780019.jpg,0
1019,./face_cropped/0078/00780020.jpg,0
1020,./face_cropped/0078/00780021.jpg,0
1021,./face_cropped/0078/00780022.jpg,0
1022,./face_cropped/0078/00780023.jpg,0
1023,./face_cropped/0078/00780024.jpg,0
1024,./face_cropped/0078/00780025.jpg,0
1025,./face_cropped/0078/00780026.jpg,0
1026,./face_cropped/0078/00780027.jpg,1
1027,./face_cropped/0078/00780028.jpg,0
1028,./face_cropped/0078/00780029.jpg,0
1029,./face_cropped/0078/00780030.jpg,0
1030,./face_cropped/0078/00780031.jpg,0
1031,./face_cropped/0078/00780032.jpg,0
1032,./face_cropped/0079/00790003.jpg,0
1033,./face_cropped/0079/00790004.jpg,0
1034,./face_cropped/0079/00790008.jpg,0
1035,./face_cropped/0079/00790009.jpg,0
1036,./face_cropped/0079/00790010.jpg,0
1037,./face_cropped/0080/00800003.jpg,0
1038,./face_cropped/0080/00800006.jpg,0
1039,./face_cropped/0080/00800008.jpg,0
1040,./face_cropped/0080/00800009.jpg,0
1041,./face_cropped/0080/00800014.jpg,0
1042,./face_cropped/0080/00800015.jpg,0
1043,./face_cropped/0080/00800016.jpg,0
1044,./face_cropped/0080/00800017.jpg,0
1045,./face_cropped/0080/00800018.jpg,0
1046,./face_cropped/0080/00800019.jpg,0
1047,./face_cropped/0080/00800020.jpg,0
1048,./face_cropped/0081/00810001.jpg,0
1049,./face_cropped/0081/00810002.jpg,1
1050,./face_cropped/0081/00810004.jpg,0
1051,./face_cropped/0081/00810005.jpg,0
1052,./face_cropped/0081/00810006.jpg,0
1053,./face_cropped/0081/00810007.jpg,0
1054,./face_cropped/0081/00810008.jpg,0
1055,./face_cropped/0081/00810009.jpg,0
1056,./face_cropped/0081/00810010.jpg,0
1057,./face_cropped/0081/00810011.jpg,0
1058,./face_cropped/0081/00810012.jpg,0
1059,./face_cropped/0081/00810013.jpg,0
1060,./face_cropped/0081/00810014.jpg,0
1061,./face_cropped/0081/00810015.jpg,0
1062,./face_cropped/0081/00810016.jpg,0
1063,./face_cropped/0081/00810017.jpg,0
1064,./face_cropped/0081/00810018.jpg,0
1065,./face_cropped/0081/00810019.jpg,0
1066,./face_cropped/0081/00810020.jpg,0
1067,./face_cropped/0081/00810021.jpg,0
1068,./face_cropped/0081/00810022.jpg,0
1069,./face_cropped/0081/00810024.jpg,0
1070,./face_cropped/0082/00820002.jpg,0
1071,./face_cropped/0082/00820006.jpg,1
1072,./face_cropped/0082/00820009.jpg,0
1073,./face_cropped/0082/00820012.jpg,1
1074,./face_cropped/0082/00820013.jpg,1
1075,./face_cropped/0082/00820014.jpg,1
1076,./face_cropped/0082/00820015.jpg,1
1077,./face_cropped/0082/00820016.jpg,1
1078,./face_cropped/0082/00820018.jpg,1
1079,./face_cropped/0082/00820020.jpg,1
1080,./face_cropped/0083/00830002.jpg,0
1081,./face_cropped/0083/00830005.jpg,0
1082,./face_cropped/0083/00830007.jpg,0
1083,./face_cropped/0083/00830008.jpg,0
1084,./face_cropped/0083/00830011.jpg,0
1085,./face_cropped/0083/00830014.jpg,0
1086,./face_cropped/0083/00830015.jpg,0
1087,./face_cropped/0083/00830016.jpg,0
1088,./face_cropped/0083/00830019.jpg,1
1089,./face_cropped/0083/00830020.jpg,0
1090,./face_cropped/0083/00830021.jpg,0
1091,./face_cropped/0084/00840001.jpg,0
1092,./face_cropped/0084/00840002.jpg,0
1093,./face_cropped/0084/00840003.jpg,0
1094,./face_cropped/0084/00840004.jpg,1
1095,./face_cropped/0084/00840005.jpg,0
1096,./face_cropped/0084/00840006.jpg,0
1097,./face_cropped/0084/00840007.jpg,0
1098,./face_cropped/0084/00840008.jpg,0
1099,./face_cropped/0084/00840009.jpg,0
1100,./face_cropped/0084/00840010.jpg,0
1101,./face_cropped/0084/00840012.jpg,0
1102,./face_cropped/0084/00840013.jpg,0
1103,./face_cropped/0084/00840014.jpg,0
1104,./face_cropped/0084/00840015.jpg,0
1105,./face_cropped/0084/00840016.jpg,0
1106,./face_cropped/0084/00840017.jpg,0
1107,./face_cropped/0084/00840018.jpg,0
1108,./face_cropped/0084/00840019.jpg,0
1109,./face_cropped/0084/00840020.jpg,0
1110,./face_cropped/0084/00840021.jpg,0
1111,./face_cropped/0084/00840022.jpg,0
1112,./face_cropped/0084/00840023.jpg,0
1113,./face_cropped/0084/00840024.jpg,0
1114,./face_cropped/0084/00840026.jpg,0
1115,./face_cropped/0084/00840027.jpg,0
1116,./face_cropped/0084/00840028.jpg,0
1117,./face_cropped/0084/00840029.jpg,0
1118,./face_cropped/0084/00840030.jpg,0
1119,./face_cropped/0084/00840031.jpg,0
1120,./face_cropped/0084/00840032.jpg,0
1121,./face_cropped/0084/00840033.jpg,0
1122,./face_cropped/0084/00840034.jpg,0
1123,./face_cropped/0085/00850005.jpg,0
1124,./face_cropped/0085/00850006.jpg,0
1125,./face_cropped/0085/00850008.jpg,0
1126,./face_cropped/0085/00850009.jpg,0
1127,./face_cropped/0085/00850012.jpg,0
1128,./face_cropped/0085/00850015.jpg,0
1129,./face_cropped/0085/00850016.jpg,0
1130,./face_cropped/0085/00850017.jpg,0
1131,./face_cropped/0085/00850018.jpg,0
1132,./face_cropped/0085/00850019.jpg,0
1133,./face_cropped/0085/00850020.jpg,0
1134,./face_cropped/0085/00850021.jpg,0
1135,./face_cropped/0085/00850022.jpg,0
1136,./face_cropped/0085/00850023.jpg,0
1137,./face_cropped/0085/00850024.jpg,0
1138,./face_cropped/0085/00850025.jpg,1
1139,./face_cropped/0086/00860009.jpg,0
1140,./face_cropped/0086/00860012.jpg,1
1141,./face_cropped/0086/00860014.jpg,1
1142,./face_cropped/0086/00860016.jpg,0
1143,./face_cropped/0086/00860018.jpg,0
1144,./face_cropped/0086/00860019.jpg,0
1145,./face_cropped/0086/00860020.jpg,0
1146,./face_cropped/0086/00860021.jpg,1
1147,./face_cropped/0086/00860022.jpg,1
1148,./face_cropped/0087/00870001.jpg,0
1149,./face_cropped/0087/00870002.jpg,0
1150,./face_cropped/0087/00870003.jpg,0
1151,./face_cropped/0087/00870004.jpg,0
1152,./face_cropped/0087/00870005.jpg,0
1153,./face_cropped/0087/00870006.jpg,1
1154,./face_cropped/0087/00870007.jpg,1
1155,./face_cropped/0087/00870008.jpg,1
1156,./face_cropped/0087/00870009.jpg,1
1157,./face_cropped/0087/00870010.jpg,1
1158,./face_cropped/0088/00880006.jpg,1
1159,./face_cropped/0088/00880008.jpg,1
1160,./face_cropped/0088/00880012.jpg,1
1161,./face_cropped/0088/00880013.jpg,1
1162,./face_cropped/0088/00880014.jpg,1
1163,./face_cropped/0088/00880017.jpg,1
1164,./face_cropped/0088/00880019.jpg,1
1165,./face_cropped/0088/00880020.jpg,1
1166,./face_cropped/0088/00880022.jpg,1
1167,./face_cropped/0088/00880023.jpg,1
1168,./face_cropped/0089/00890001.jpg,0
1169,./face_cropped/0089/00890002.jpg,1
1170,./face_cropped/0089/00890003.jpg,1
1171,./face_cropped/0089/00890004.jpg,1
1172,./face_cropped/0089/00890005.jpg,0
1173,./face_cropped/0089/00890006.jpg,0
1174,./face_cropped/0089/00890007.jpg,0
1175,./face_cropped/0089/00890008.jpg,0
1176,./face_cropped/0089/00890009.jpg,0
1177,./face_cropped/0089/00890010.jpg,0
1178,./face_cropped/0090/00900001.jpg,0
1179,./face_cropped/0090/00900002.jpg,0
1180,./face_cropped/0090/00900003.jpg,0
1181,./face_cropped/0090/00900004.jpg,0
1182,./face_cropped/0090/00900005.jpg,0
1183,./face_cropped/0090/00900006.jpg,1
1184,./face_cropped/0090/00900007.jpg,0
1185,./face_cropped/0090/00900008.jpg,0
1186,./face_cropped/0090/00900009.jpg,1
1187,./face_cropped/0090/00900010.jpg,0
1188,./face_cropped/0090/00900011.jpg,0
1189,./face_cropped/0090/00900012.jpg,0
1190,./face_cropped/0090/00900013.jpg,1
1191,./face_cropped/0090/00900014.jpg,0
1192,./face_cropped/0091/00910001.jpg,0
1193,./face_cropped/0091/00910002.jpg,1
1194,./face_cropped/0091/00910003.jpg,0
1195,./face_cropped/0091/00910004.jpg,1
1196,./face_cropped/0091/00910005.jpg,1
1197,./face_cropped/0091/00910006.jpg,0
1198,./face_cropped/0091/00910007.jpg,0
1199,./face_cropped/0091/00910008.jpg,0
1200,./face_cropped/0091/00910009.jpg,0
1201,./face_cropped/0091/00910010.jpg,0
1202,./face_cropped/0092/00920012.jpg,0
1203,./face_cropped/0092/00920013.jpg,0
1204,./face_cropped/0092/00920015.jpg,0
1205,./face_cropped/0092/00920016.jpg,0
1206,./face_cropped/0092/00920017.jpg,0
1207,./face_cropped/0092/00920018.jpg,0
1208,./face_cropped/0092/00920019.jpg,0
1209,./face_cropped/0092/00920020.jpg,0
1210,./face_cropped/0092/00920021.jpg,0
1211,./face_cropped/0092/00920022.jpg,0
1212,./face_cropped/0092/00920023.jpg,0
1213,./face_cropped/0093/00930001.jpg,0
1214,./face_cropped/0093/00930002.jpg,0
1215,./face_cropped/0093/00930003.jpg,0
1216,./face_cropped/0093/00930004.jpg,0
1217,./face_cropped/0093/00930005.jpg,0
1218,./face_cropped/0093/00930006.jpg,0
1219,./face_cropped/0093/00930007.jpg,1
1220,./face_cropped/0093/00930008.jpg,0
1221,./face_cropped/0093/00930009.jpg,0
1222,./face_cropped/0093/00930010.jpg,0
1223,./face_cropped/0093/00930011.jpg,0
1224,./face_cropped/0093/00930012.jpg,0
1225,./face_cropped/0094/00940006.jpg,1
1226,./face_cropped/0094/00940008.jpg,0
1227,./face_cropped/0094/00940010.jpg,0
1228,./face_cropped/0094/00940011.jpg,0
1229,./face_cropped/0094/00940012.jpg,0
1230,./face_cropped/0094/00940014.jpg,0
1231,./face_cropped/0094/00940016.jpg,0
1232,./face_cropped/0094/00940017.jpg,0
1233,./face_cropped/0094/00940018.jpg,0
1234,./face_cropped/0094/00940019.jpg,0
1235,./face_cropped/0094/00940020.jpg,0
1236,./face_cropped/0095/00950001.jpg,0
1237,./face_cropped/0095/00950002.jpg,0
1238,./face_cropped/0095/00950003.jpg,0
1239,./face_cropped/0095/00950004.jpg,0
1240,./face_cropped/0095/00950005.jpg,0
1241,./face_cropped/0095/00950006.jpg,0
1242,./face_cropped/0095/00950007.jpg,0
1243,./face_cropped/0095/00950008.jpg,0
1244,./face_cropped/0095/00950009.jpg,0
1245,./face_cropped/0095/00950010.jpg,0
1246,./face_cropped/0095/00950011.jpg,0
1247,./face_cropped/0096/00960001.jpg,0
1248,./face_cropped/0096/00960002.jpg,0
1249,./face_cropped/0096/00960003.jpg,0
1250,./face_cropped/0096/00960004.jpg,0
1251,./face_cropped/0096/00960005.jpg,0
1252,./face_cropped/0096/00960006.jpg,0
1253,./face_cropped/0096/00960007.jpg,0
1254,./face_cropped/0096/00960008.jpg,0
1255,./face_cropped/0096/00960009.jpg,0
1256,./face_cropped/0096/00960010.jpg,0
1257,./face_cropped/0096/00960011.jpg,0
1258,./face_cropped/0096/00960012.jpg,0
1259,./face_cropped/0097/00970004.jpg,0
1260,./face_cropped/0097/00970006.jpg,1
1261,./face_cropped/0097/00970013.jpg,0
1262,./face_cropped/0097/00970014.jpg,0
1263,./face_cropped/0097/00970015.jpg,0
1264,./face_cropped/0097/00970016.jpg,0
1265,./face_cropped/0097/00970017.jpg,1
1266,./face_cropped/0097/00970018.jpg,1
1267,./face_cropped/0097/00970019.jpg,0
1268,./face_cropped/0097/00970020.jpg,0
1269,./face_cropped/0097/00970021.jpg,1
1270,./face_cropped/0097/00970022.jpg,0
1271,./face_cropped/0098/00980007.jpg,0
1272,./face_cropped/0098/00980009.jpg,0
1273,./face_cropped/0098/00980010.jpg,0
1274,./face_cropped/0098/00980012.jpg,0
1275,./face_cropped/0098/00980014.jpg,0
1276,./face_cropped/0098/00980017.jpg,0
1277,./face_cropped/0098/00980018.jpg,0
1278,./face_cropped/0098/00980019.jpg,0
1279,./face_cropped/0098/00980020.jpg,0
1280,./face_cropped/0098/00980021.jpg,0
1281,./face_cropped/0099/00990001.jpg,0
1282,./face_cropped/0099/00990002.jpg,0
1283,./face_cropped/0099/00990003.jpg,0
1284,./face_cropped/0099/00990004.jpg,0
1285,./face_cropped/0099/00990005.jpg,0
1286,./face_cropped/0099/00990006.jpg,0
1287,./face_cropped/0099/00990007.jpg,0
1288,./face_cropped/0099/00990008.jpg,0
1289,./face_cropped/0099/00990009.jpg,0
1290,./face_cropped/0099/00990010.jpg,0
1291,./face_cropped/0100/01000001.jpg,0
1292,./face_cropped/0100/01000002.jpg,0
1293,./face_cropped/0100/01000003.jpg,0
1294,./face_cropped/0100/01000004.jpg,0
1295,./face_cropped/0100/01000005.jpg,0
1296,./face_cropped/0100/01000006.jpg,0
1297,./face_cropped/0100/01000007.jpg,0
1298,./face_cropped/0100/01000008.jpg,0
1299,./face_cropped/0100/01000009.jpg,0
1300,./face_cropped/0100/01000010.jpg,0
1301,./face_cropped/0100/01000011.jpg,0
1302,./face_cropped/0101/01010001.jpg,0
1303,./face_cropped/0101/01010002.jpg,0
1304,./face_cropped/0101/01010003.jpg,0
1305,./face_cropped/0101/01010004.jpg,0
1306,./face_cropped/0101/01010005.jpg,0
1307,./face_cropped/0101/01010006.jpg,0
1308,./face_cropped/0101/01010007.jpg,0
1309,./face_cropped/0101/01010009.jpg,0
1310,./face_cropped/0101/01010010.jpg,1
1311,./face_cropped/0101/01010011.jpg,0
1312,./face_cropped/0101/01010012.jpg,0
1313,./face_cropped/0102/01020001.jpg,1
1314,./face_cropped/0102/01020002.jpg,1
1315,./face_cropped/0102/01020003.jpg,0
1316,./face_cropped/0102/01020004.jpg,0
1317,./face_cropped/0102/01020005.jpg,0
1318,./face_cropped/0102/01020006.jpg,0
1319,./face_cropped/0103/01030001.jpg,0
1320,./face_cropped/0103/01030002.jpg,0
1321,./face_cropped/0103/01030003.jpg,0
1322,./face_cropped/0103/01030004.jpg,1
1323,./face_cropped/0103/01030005.jpg,0
1324,./face_cropped/0103/01030006.jpg,1
1325,./face_cropped/0103/01030007.jpg,1
1326,./face_cropped/0103/01030008.jpg,1
1327,./face_cropped/0103/01030009.jpg,1
1328,./face_cropped/0103/01030010.jpg,1
1329,./face_cropped/0103/01030011.jpg,1
1330,./face_cropped/0104/01040001.jpg,0
1331,./face_cropped/0104/01040002.jpg,1
1332,./face_cropped/0104/01040003.jpg,0
1333,./face_cropped/0104/01040004.jpg,0
1334,./face_cropped/0104/01040005.jpg,0
1335,./face_cropped/0104/01040006.jpg,0
1336,./face_cropped/0104/01040007.jpg,1
1337,./face_cropped/0104/01040008.jpg,0
1338,./face_cropped/0104/01040009.jpg,0
1339,./face_cropped/0104/01040010.jpg,0
1340,./face_cropped/0104/01040011.jpg,1
1341,./face_cropped/0104/01040012.jpg,0
1342,./face_cropped/0104/01040013.jpg,0
1343,./face_cropped/0104/01040014.jpg,0
1344,./face_cropped/0104/01040015.jpg,0
1345,./face_cropped/0104/01040016.jpg,1
1346,./face_cropped/0104/01040017.jpg,0
1347,./face_cropped/0104/01040018.jpg,0
1348,./face_cropped/0104/01040019.jpg,0
1349,./face_cropped/0104/01040020.jpg,0
1350,./face_cropped/0104/01040021.jpg,0
1351,./face_cropped/0104/01040022.jpg,1
1352,./face_cropped/0104/01040024.jpg,0
1353,./face_cropped/0104/01040025.jpg,0
1354,./face_cropped/0104/01040026.jpg,0
1355,./face_cropped/0104/01040027.jpg,0
1356,./face_cropped/0104/01040028.jpg,0
1357,./face_cropped/0104/01040029.jpg,0
1358,./face_cropped/0104/01040030.jpg,0
1359,./face_cropped/0104/01040031.jpg,0
1360,./face_cropped/0104/01040033.jpg,0
1361,./face_cropped/0104/01040034.jpg,0
1362,./face_cropped/0105/01050010.jpg,0
1363,./face_cropped/0105/01050016.jpg,0
1364,./face_cropped/0105/01050019.jpg,0
1365,./face_cropped/0105/01050024.jpg,0
1366,./face_cropped/0105/01050030.jpg,0
1367,./face_cropped/0105/01050031.jpg,1
1368,./face_cropped/0105/01050032.jpg,0
1369,./face_cropped/0105/01050035.jpg,1
1370,./face_cropped/0105/01050037.jpg,0
1371,./face_cropped/0105/01050041.jpg,0
1372,./face_cropped/0105/01050044.jpg,1
1373,./face_cropped/0105/01050045.jpg,0
1374,./face_cropped/0105/01050046.jpg,0
1375,./face_cropped/0105/01050047.jpg,1
1376,./face_cropped/0105/01050048.jpg,0
1377,./face_cropped/0105/01050049.jpg,0
1378,./face_cropped/0105/01050050.jpg,1
1379,./face_cropped/0105/01050051.jpg,0
1380,./face_cropped/0105/01050052.jpg,0
1381,./face_cropped/0105/01050053.jpg,0
1382,./face_cropped/0105/01050054.jpg,1
1383,./face_cropped/0105/01050055.jpg,1
1384,./face_cropped/0105/01050056.jpg,1
1385,./face_cropped/0105/01050057.jpg,0
1386,./face_cropped/0105/01050058.jpg,0
1387,./face_cropped/0105/01050059.jpg,1
1388,./face_cropped/0105/01050060.jpg,1
1389,./face_cropped/0105/01050061.jpg,0
1390,./face_cropped/0106/01060005.jpg,1
1391,./face_cropped/0106/01060007.jpg,0
1392,./face_cropped/0106/01060008.jpg,1
1393,./face_cropped/0106/01060009.jpg,0
1394,./face_cropped/0106/01060011.jpg,0
1395,./face_cropped/0106/01060012.jpg,0
1396,./face_cropped/0106/01060015.jpg,0
1397,./face_cropped/0106/01060016.jpg,0
1398,./face_cropped/0106/01060018.jpg,0
1399,./face_cropped/0106/01060019.jpg,1
1400,./face_cropped/0106/01060020.jpg,1
1401,./face_cropped/0106/01060021.jpg,1
1402,./face_cropped/0107/01070001.jpg,1
1403,./face_cropped/0107/01070002.jpg,1
1404,./face_cropped/0107/01070003.jpg,0
1405,./face_cropped/0107/01070004.jpg,1
1406,./face_cropped/0107/01070005.jpg,0
1407,./face_cropped/0107/01070006.jpg,1
1408,./face_cropped/0107/01070007.jpg,1
1409,./face_cropped/0107/01070008.jpg,0
1410,./face_cropped/0107/01070009.jpg,0
1411,./face_cropped/0107/01070010.jpg,1
1412,./face_cropped/0108/01080001.jpg,0
1413,./face_cropped/0108/01080002.jpg,0
1414,./face_cropped/0108/01080003.jpg,0
1415,./face_cropped/0108/01080004.jpg,0
1416,./face_cropped/0108/01080005.jpg,0
1417,./face_cropped/0108/01080006.jpg,0
1418,./face_cropped/0108/01080007.jpg,0
1419,./face_cropped/0108/01080008.jpg,0
1420,./face_cropped/0108/01080009.jpg,0
1421,./face_cropped/0108/01080010.jpg,0
1422,./face_cropped/0109/01090001.jpg,0
1423,./face_cropped/0109/01090002.jpg,0
1424,./face_cropped/0109/01090003.jpg,0
1425,./face_cropped/0109/01090004.jpg,0
1426,./face_cropped/0109/01090005.jpg,0
1427,./face_cropped/0109/01090006.jpg,0
1428,./face_cropped/0109/01090007.jpg,0
1429,./face_cropped/0109/01090008.jpg,0
1430,./face_cropped/0109/01090009.jpg,0
1431,./face_cropped/0109/01090010.jpg,1
1432,./face_cropped/0109/01090011.jpg,1
1433,./face_cropped/0109/01090013.jpg,0
1434,./face_cropped/0110/01100005.jpg,0
1435,./face_cropped/0110/01100007.jpg,0
1436,./face_cropped/0110/01100011.jpg,0
1437,./face_cropped/0110/01100012.jpg,0
1438,./face_cropped/0110/01100013.jpg,0
1439,./face_cropped/0110/01100014.jpg,1
1440,./face_cropped/0110/01100015.jpg,0
1441,./face_cropped/0110/01100016.jpg,0
1442,./face_cropped/0110/01100018.jpg,0
1443,./face_cropped/0110/01100019.jpg,0
1444,./face_cropped/0110/01100020.jpg,1
1445,./face_cropped/0110/01100021.jpg,0
1446,./face_cropped/0111/01110002.jpg,0
1447,./face_cropped/0111/01110003.jpg,0
1448,./face_cropped/0111/01110005.jpg,0
1449,./face_cropped/0111/01110006.jpg,0
1450,./face_cropped/0111/01110007.jpg,0
1451,./face_cropped/0111/01110009.jpg,1
1452,./face_cropped/0112/01120006.jpg,1
1453,./face_cropped/0112/01120007.jpg,0
1454,./face_cropped/0112/01120008.jpg,1
1455,./face_cropped/0112/01120010.jpg,1
1456,./face_cropped/0112/01120012.jpg,1
1457,./face_cropped/0112/01120013.jpg,1
1458,./face_cropped/0112/01120015.jpg,1
1459,./face_cropped/0112/01120018.jpg,0
1460,./face_cropped/0112/01120019.jpg,0
1461,./face_cropped/0112/01120020.jpg,0
1462,./face_cropped/0112/01120021.jpg,0
1463,./face_cropped/0112/01120022.jpg,0
1464,./face_cropped/0113/01130004.jpg,0
1465,./face_cropped/0113/01130005.jpg,0
1466,./face_cropped/0113/01130014.jpg,0
1467,./face_cropped/0113/01130015.jpg,0
1468,./face_cropped/0113/01130016.jpg,0
1469,./face_cropped/0113/01130017.jpg,0
1470,./face_cropped/0113/01130018.jpg,0
1471,./face_cropped/0113/01130019.jpg,0
1472,./face_cropped/0113/01130020.jpg,0
1473,./face_cropped/0113/01130021.jpg,0
1474,./face_cropped/0113/01130022.jpg,0
1475,./face_cropped/0113/01130023.jpg,0
1476,./face_cropped/0113/01130024.jpg,0
1477,./face_cropped/0113/01130026.jpg,0
1478,./face_cropped/0114/01140009.jpg,1
1479,./face_cropped/0114/01140010.jpg,0
1480,./face_cropped/0114/01140011.jpg,1
1481,./face_cropped/0114/01140012.jpg,0
1482,./face_cropped/0114/01140013.jpg,1
1483,./face_cropped/0114/01140014.jpg,0
1484,./face_cropped/0114/01140016.jpg,0
1485,./face_cropped/0114/01140017.jpg,0
1486,./face_cropped/0114/01140018.jpg,0
1487,./face_cropped/0114/01140019.jpg,0
1488,./face_cropped/0114/01140020.jpg,0
1489,./face_cropped/0114/01140021.jpg,0
1490,./face_cropped/0115/01150008.jpg,0
1491,./face_cropped/0115/01150009.jpg,0
1492,./face_cropped/0115/01150010.jpg,0
1493,./face_cropped/0115/01150012.jpg,0
1494,./face_cropped/0115/01150014.jpg,0
1495,./face_cropped/0115/01150015.jpg,0
1496,./face_cropped/0115/01150017.jpg,0
1497,./face_cropped/0115/01150018.jpg,0
1498,./face_cropped/0115/01150020.jpg,0
1499,./face_cropped/0115/01150021.jpg,1
1500,./face_cropped/0116/01160001.jpg,0
1501,./face_cropped/0116/01160002.jpg,0
1502,./face_cropped/0116/01160003.jpg,0
1503,./face_cropped/0116/01160004.jpg,0
1504,./face_cropped/0116/01160005.jpg,0
1505,./face_cropped/0117/01170003.jpg,0
1506,./face_cropped/0117/01170010.jpg,0
1507,./face_cropped/0117/01170012.jpg,0
1508,./face_cropped/0117/01170013.jpg,1
1509,./face_cropped/0117/01170014.jpg,1
1510,./face_cropped/0117/01170016.jpg,0
1511,./face_cropped/0117/01170017.jpg,1
1512,./face_cropped/0117/01170018.jpg,1
1513,./face_cropped/0117/01170021.jpg,1
1514,./face_cropped/0117/01170022.jpg,0
1515,./face_cropped/0117/01170023.jpg,1
